Country,rank,StockCode,Product_Description,Total_Quantity_Sold
Australia,1,22492,MINI PAINT SET VINTAGE  BOY+ GIRL,3060
Australia,2,23084,RABBIT NIGHT LIGHT,1884
Australia,3,21915,RED  HARMONICA IN BOX,1728
Australia,4,21731,RED TOADSTOOL LED NIGHT LIGHT,1668
Australia,5,22969,HOMEMADE JAM SCENTED CANDLES,1368
Australia,6,22630,DOLLY GIRL LUNCH BOX,1316
Australia,7,22629,SPACEBOY LUNCH BOX,1200
Australia,8,22544,MINI JIGSAW SPACEBOY,1008
Australia,9,22539,MINI JIGSAW DOLLY GIRL,792
Australia,10,21914,BLUE HARMONICA IN BOX,732
Austria,1,21918,SET 12 KIDS COLOUR  CHALK STICKS,288
Austria,2,22546,MINI JIGSAW PURDEY,240
Austria,3,22584,PACK OF 6 PANNETONE GIFT BOXES,144
Austria,4,22582,PACK OF 6 SWEETIE GIFT BOXES,144
Austria,5,84879,ASSORTED COLOUR BIRD ORNAMENT,136
Austria,6,16033,MINI HIGHLIGHTER PENS,120
Austria,7,15056N,EDWARDIAN PARASOL NATURAL,120
Austria,8,15056BL,EDWARDIAN PARASOL BLACK,108
Austria,9,20679,EDWARDIAN PARASOL RED,108
Austria,10,20718,RED SPOTTY SHOPPER BAG,100
Bahrain,1,18097C,WHITE TALL PORCELAIN T-LIGHT HOLDER,102
Bahrain,2,23076,ICE CREAM SUNDAE LIP GLOSS,96
Bahrain,3,22422,TOOTHPASTE TUBE PEN,60
Bahrain,4,72802B,OCEAN SCENT CANDLE IN JEWELLED BOX,60
Bahrain,5,23077,DOUGHNUT LIP GLOSS,60
Bahrain,6,20871,OPULENT VELVET SET/3 CANDLES,30
Bahrain,7,21788,KIDS RAIN MAC BLUE,24
Bahrain,8,22421,LIPSTICK PEN FUSCHIA,24
Bahrain,9,22419,LIPSTICK PEN RED,24
Bahrain,10,20819,SILVER TEDDY BEAR,24
Belgium,1,21212,PACK OF 72 RETROSPOT CAKE CASES,696
Belgium,2,22630,DOLLY GIRL LUNCH BOX,572
Belgium,3,22629,SPACEBOY LUNCH BOX,560
Belgium,4,22492,MINI PAINT SET VINTAGE  BOY+ GIRL,540
Belgium,5,21976,PACK OF 60 MUSHROOM CAKE CASES,528
Belgium,6,22326,ROUND SNACK BOXES SET OF4 WOODLAND,504
Belgium,7,22417,PACK OF 60 SPACEBOY CAKE CASES,504
Belgium,8,POST,POSTAGE,420
Belgium,9,21977,PACK OF 60 PINK PAISLEY CAKE CASES,384
Belgium,10,20724,RED SPOTTY CHARLOTTE BAG,380
Bermuda,1,84598,BOYS ALPHABET IRON ON PATCHES,1152
Bermuda,2,84568,GIRLS ALPHABET IRON ON PATCHES,1152
Bermuda,3,21500,PINK SPOTS  WRAP,50
Bermuda,4,21495,SKULLS WRAP,50
Bermuda,5,16156S,WRAP PINK FAIRY CAKES,50
Bermuda,6,22045,SPACEBOY GIFT WRAP,50
Bermuda,7,85217,ASSORTED ICE CREAM FRIDGE MAGNETS,24
Bermuda,8,21700,BIG DOUGHNUT FRIDGE MAGNETS,24
Bermuda,9,47591D,PINK FAIRY CAKE CHILDRENS APRON,16
Bermuda,10,85227,SET/6 3D KIT CARDS FOR KIDS,12
Brazil,1,22630,DOLLY GIRL LUNCH BOX,25
Brazil,2,17084P,DRAGONS BLOOD INCENSE,25
Brazil,3,22697,TEACUP AND SAUCER REGENCY GREEN,24
Brazil,4,22722,SET OF 6 SPICE TINS PANTRY DESIGN,24
Brazil,5,22699,TEACUP AND SAUCER REGENCY ROSES,24
Brazil,6,22698,TEACUP AND SAUCER REGENCY PINK,24
Brazil,7,84971S,SMALL HEART FLOWERS HOOK,24
Brazil,8,22993,SET OF 4 PANTRY JELLY MOULDS,24
Brazil,9,21430,SET/3 RED GINGHAM ROSE STORAGE BOX,24
Brazil,10,22423,REGENCY CAKESTAND 3 TIER,16
Canada,1,37370,RETRO COFFEE MUGS ASSORTED,504
Canada,2,84077,WORLD WAR 2 GLIDERS ASSTD DESIGNS,288
Canada,3,20727,LUNCH BAG  BLACK SKULL.,50
Canada,4,22417,PACK OF 60 SPACEBOY CAKE CASES,48
Canada,5,21871,SAVE THE PLANET MUG,48
Canada,6,21975,PACK OF 60 DINOSAUR CAKE CASES,48
Canada,7,47593B,SCOTTIES DESIGN BABY BIB,48
Canada,8,10133,COLOURING PENCILS BROWN TUBE,40
Canada,9,22098,BOUDOIR SQUARE TISSUE BOX,36
Canada,10,22093,MOTORING TISSUE BOX,36
Channel Islands,1,51008,AFGHAN SLIPPER SOCK PAIR,600
Channel Islands,2,85099B,RED RETROSPOT JUMBO BAG,570
Channel Islands,3,21785,RAIN PONCHO,551
Channel Islands,4,22386,JUMBO BAG PINK WITH WHITE SPOTS,530
Channel Islands,5,85099C,JUMBO  BAG BAROQUE BLACK WHITE,420
Channel Islands,6,21928,JUMBO BAG SCANDINAVIAN PAISLEY,350
Channel Islands,7,21212,PACK OF 72 RETROSPOT CAKE CASES,312
Channel Islands,8,21929,JUMBO BAG PINK VINTAGE PAISLEY,250
Channel Islands,9,84991,60 TEATIME FAIRY CAKE CASES,240
Channel Islands,10,22741,FUNKY DIVA PEN,240
Cyprus,1,22335,HEART DECORATION PAINTED ZINC,384
Cyprus,2,85123A,WHITE HANGING HEART T-LIGHT HOLDER,291
Cyprus,3,84568,GIRLS ALPHABET IRON ON PATCHES,288
Cyprus,4,84598,BOYS ALPHABET IRON ON PATCHES,288
Cyprus,5,22051,BLUE SCANDINAVIAN PAISLEY WRAP,200
Cyprus,6,22047,EMPIRE GIFT WRAP,200
Cyprus,7,47480,HANGING PHOTO CLIP ROPE LADDER,192
Cyprus,8,84879,ASSORTED COLOUR BIRD ORNAMENT,168
Cyprus,9,21326,AGED GLASS SILVER T-LIGHT HOLDER,132
Cyprus,10,21136,PAINTED METAL PEARS ASSORTED,128
Czech Republic,1,22578,WOODEN STAR CHRISTMAS SCANDISPOT,72
Czech Republic,2,22579,WOODEN TREE CHRISTMAS SCANDISPOT,72
Czech Republic,3,84755,COLOUR GLASS T-LIGHT HOLDER HANGING,48
Czech Republic,4,23271,CHRISTMAS TABLE SILVER CANDLE SPIKE,48
Czech Republic,5,22231,JIGSAW TREE WITH BIRDHOUSE,36
Czech Republic,6,22250,DECORATION  BUTTERFLY  MAGIC GARDEN,32
Czech Republic,7,20972,PINK CREAM FELT CRAFT TRINKET BOX,24
Czech Republic,8,20975,12 PENCILS SMALL TUBE RED SPOTTY,24
Czech Republic,9,85206A,CREAM FELT EASTER EGG BASKET,24
Czech Republic,10,47594B,SCOTTIES DESIGN WASHBAG,24
Denmark,1,37410,BLACK AND WHITE PAISLEY FLOWER MUG,25164
Denmark,2,21091,SET/6 WOODLAND PAPER PLATES,12960
Denmark,3,21099,SET/6 STRAWBERRY PAPER CUPS,12960
Denmark,4,21085,SET/6 WOODLAND PAPER CUPS,12744
Denmark,5,21092,SET/6 STRAWBERRY PAPER PLATES,12480
Denmark,6,85220,SMALL FAIRY CAKE FRIDGE MAGNETS,11960
Denmark,7,20993,JAZZ HEARTS MEMO PAD,9312
Denmark,8,20991,JAZZ HEARTS MAGNETIC MEMO PAD,6768
Denmark,9,47503E,ASS FLORAL PRINT SCISSORS,6696
Denmark,10,16044,POP-ART FLUORESCENT PENS,6144
EIRE,1,21212,PACK OF 72 RETROSPOT CAKE CASES,6000
EIRE,2,84991,60 TEATIME FAIRY CAKE CASES,5556
EIRE,3,21977,PACK OF 60 PINK PAISLEY CAKE CASES,4212
EIRE,4,84992,72 SWEETHEART FAIRY CAKE CASES,4176
EIRE,5,22197,SMALL POPCORN HOLDER,3720
EIRE,6,21975,PACK OF 60 DINOSAUR CAKE CASES,3336
EIRE,7,21166,COOK WITH WINE METAL SIGN,3098
EIRE,8,20914,SET/5 RED SPOTTY LID GLASS BOWLS,2938
EIRE,9,17084R,ASSORTED INCENSE PACK,2880
EIRE,10,21169,YOU'RE CONFUSING ME METAL SIGN,2856
European Community,1,22572,ROCKING HORSE GREEN CHRISTMAS,24
European Community,2,22571,ROCKING HORSE RED CHRISTMAS,24
European Community,3,23307,SET OF 60 PANTRY DESIGN CAKE CASES,24
European Community,4,23211,RED ROCKING HORSE HAND PAINTED,24
European Community,5,23210,WHITE ROCKING HORSE HAND PAINTED,24
European Community,6,23308,SET OF 60 VINTAGE LEAF CAKE CASES,24
European Community,7,22314,OFFICE MUG WARMER CHOC+BLUE,18
European Community,8,21098,CHRISTMAS TOILET ROLL,12
European Community,9,23270,SET OF 2 CERAMIC PAINTED HEARTS,12
European Community,10,23264,SET OF 3 WOODEN SLEIGH DECORATIONS,12
Finland,1,84997D,PINK 3 PIECE POLKADOT CUTLERY SET,714
Finland,2,84997C,CHILDRENS CUTLERY POLKADOT BLUE,456
Finland,3,84997A,GREEN 3 PIECE POLKADOT CUTLERY SET,304
Finland,4,21977,PACK OF 60 PINK PAISLEY CAKE CASES,264
Finland,5,84991,60 TEATIME FAIRY CAKE CASES,240
Finland,6,21212,PACK OF 72 RETROSPOT CAKE CASES,216
Finland,7,21981,PACK OF 12 WOODLAND TISSUES,216
Finland,8,22952,SET 72 CAKE CASES VINTAGE CHRISTMAS,216
Finland,9,23077,DOUGHNUT LIP GLOSS,200
Finland,10,21980,PACK OF 12 RED SPOTTY TISSUES,192
France,1,21088,SET/6 FRUIT SALAD PAPER CUPS,7176
France,2,21096,SET/6 FRUIT SALAD  PAPER PLATES,7044
France,3,16047,POP ART PEN CASE & PENS,5196
France,4,37340,MULTICOLOUR SPRING FLOWER MUG,4992
France,5,85110,BLACK SILVER FLOWER T-LIGHT HOLDER,4752
France,6,16046,TEATIME PEN CASE & PENS,4608
France,7,85160A,WHITE BIRD GARDEN DESIGN MUG,4332
France,8,23084,RABBIT NIGHT LIGHT,4024
France,9,85184D,S/4 BLUE ROUND DECOUPAGE BOXES,3936
France,10,16162L,THE KING GIFT BAG,3744
Germany,1,22326,ROUND SNACK BOXES SET OF4 WOODLAND,2698
Germany,2,20719,WOODLAND CHARLOTTE BAG,2570
Germany,3,21212,PACK OF 72 RETROSPOT CAKE CASES,2202
Germany,4,15036,ASSORTED COLOURS SILK FAN,2100
Germany,5,POST,POSTAGE,2051
Germany,6,21731,RED TOADSTOOL LED NIGHT LIGHT,1796
Germany,7,84568,GIRLS ALPHABET IRON ON PATCHES,1728
Germany,8,22328,ROUND SNACK BOXES SET OF 4 FRUITS,1609
Germany,9,22554,PLASTERS IN TIN WOODLAND ANIMALS,1492
Germany,10,22077,6 RIBBONS RUSTIC CHARM,1383
Greece,1,85123A,WHITE HANGING HEART T-LIGHT HOLDER,160
Greece,2,22297,HEART IVORY TRELLIS SMALL,120
Greece,3,22464,HANGING METAL HEART LANTERN,96
Greece,4,21615,4 LAVENDER BOTANICAL DINNER CANDLES,96
Greece,5,21616,4 PEAR BOTANICAL DINNER CANDLES,96
Greece,6,22154,ANGEL DECORATION 3 BUTTONS,96
Greece,7,22217,T-LIGHT HOLDER HANGING LACE,96
Greece,8,48188,DOORMAT WELCOME PUPPIES,74
Greece,9,21524,SPOTTY  HOME SWEET HOME DOORMAT,72
Greece,10,17091J,VANILLA INCENSE IN TIN,72
Hong Kong,1,22326,ROUND SNACK BOXES SET OF4 WOODLAND,204
Hong Kong,2,20677,PINK SPOTTY BOWL,192
Hong Kong,3,20675,BLUE SPOTTY BOWL,192
Hong Kong,4,84997D,PINK 3 PIECE POLKADOT CUTLERY SET,192
Hong Kong,5,20676,RED SPOTTY BOWL,192
Hong Kong,6,84997B,RED 3 PIECE RETROSPOT CUTLERY SET,184
Hong Kong,7,21240,BLUE POLKADOT CUP,176
Hong Kong,8,21239,PINK  SPOTTY CUP,176
Hong Kong,9,21238,RED SPOTTY CUP,176
Hong Kong,10,22551,PLASTERS IN TIN SPACEBOY,144
Iceland,1,23076,ICE CREAM SUNDAE LIP GLOSS,240
Iceland,2,84558A,3D DOG PICTURE PLAYING CARDS,132
Iceland,3,22492,MINI PAINT SET VINTAGE  BOY+ GIRL,108
Iceland,4,84991,60 TEATIME FAIRY CAKE CASES,96
Iceland,5,84992,72 SWEETHEART FAIRY CAKE CASES,96
Iceland,6,23084,RABBIT NIGHT LIGHT,84
Iceland,7,22196,SMALL HEART MEASURING SPOONS,84
Iceland,8,21976,PACK OF 60 MUSHROOM CAKE CASES,72
Iceland,9,21731,RED TOADSTOOL LED NIGHT LIGHT,72
Iceland,10,84625A,PINK NEW BAROQUECANDLESTICK CANDLE,54
Israel,1,20719,WOODLAND CHARLOTTE BAG,130
Israel,2,20724,RED SPOTTY CHARLOTTE BAG,120
Israel,3,22326,ROUND SNACK BOXES SET OF4 WOODLAND,108
Israel,4,21669,BLUE STRIPE CERAMIC DRAWER KNOB,96
Israel,5,23170,REGENCY TEA PLATE ROSES,72
Israel,6,47503A,ASS FLORAL PRINT MULTI SCREWDRIVER,72
Israel,7,22399,MAGNETS PACK OF 4 CHILDHOOD MEMORY,72
Israel,8,20718,RED SPOTTY SHOPPER BAG,70
Israel,9,21578,WOODLAND DESIGN  COTTON TOTE BAG,68
Israel,10,22423,REGENCY CAKESTAND 3 TIER,66
Italy,1,51014A,"FEATHER PEN,HOT PINK",432
Italy,2,10002,INFLATABLE POLITICAL GLOBE,360
Italy,3,51014C,"FEATHER PEN,COAL BLACK",264
Italy,4,22197,SMALL POPCORN HOLDER,225
Italy,5,21700,BIG DOUGHNUT FRIDGE MAGNETS,204
Italy,6,20719,WOODLAND CHARLOTTE BAG,200
Italy,7,23445,ICE CREAM BUBBLES,200
Italy,8,21212,PACK OF 72 RETROSPOT CAKE CASES,192
Italy,9,51014L,"FEATHER PEN,LIGHT PINK",168
Italy,10,21086,SET/6 RED SPOTTY PAPER CUPS,156
Japan,1,23084,RABBIT NIGHT LIGHT,3408
Japan,2,22328,ROUND SNACK BOXES SET OF 4 FRUITS,1503
Japan,3,22489,PACK OF 12 TRADITIONAL CRAYONS,1489
Japan,4,22491,PACK OF 12 COLOURED PENCILS,864
Japan,5,21918,SET 12 KIDS COLOUR  CHALK STICKS,864
Japan,6,22533,MAGIC SLATE BAKE A CAKE,769
Japan,7,84077,WORLD WAR 2 GLIDERS ASSTD DESIGNS,577
Japan,8,22536,MAGIC SLATE FIDO,577
Japan,9,22531,MAGIC SLATE CIRCUS PARADE,577
Japan,10,22534,MAGIC SLATE SPACEBOY,577
Korea,1,85118,HEART T-LIGHT HOLDER,48
Korea,2,85175,CACTI T-LIGHT CANDLES,48
Korea,3,21201,TROPICAL  HONEYCOMB PAPER GARLAND,48
Korea,4,22492,MINI PAINT SET VINTAGE  BOY+ GIRL,36
Korea,5,21369,MIRRORED WALL ART SPLODGES,24
Korea,6,22812,PACK 3 BOXES CHRISTMAS PANNETONE,24
Korea,7,22909,SET OF 20 VINTAGE CHRISTMAS NAPKINS,24
Korea,8,21371,MIRRORED WALL ART POPPIES,24
Korea,9,84347,ROTATING SILVER ANGELS T-LIGHT HLDR,24
Korea,10,20668,DISCO BALL CHRISTMAS DECORATION,24
Lebanon,1,84929,ASSTD FRUIT+FLOWERS FRIDGE MAGNETS,24
Lebanon,2,47566,PARTY BUNTING,15
Lebanon,3,22241,GARLAND WOODEN HAPPY EASTER,12
Lebanon,4,22722,SET OF 6 SPICE TINS PANTRY DESIGN,12
Lebanon,5,82551,LAUNDRY 15C METAL SIGN,12
Lebanon,6,22720,SET OF 3 CAKE TINS PANTRY DESIGN,12
Lebanon,7,22922,FRIDGE MAGNETS US DINER ASSORTED,12
Lebanon,8,22588,CARDHOLDER GINGHAM HEART,12
Lebanon,9,21165,BEWARE OF THE CAT METAL SIGN,12
Lebanon,10,22957,SET 3 PAPER VINTAGE CHICK PAPER EGG,12
Lithuania,1,22306,SILVER MUG BONE CHINA TREE OF LIFE,72
Lithuania,2,22307,GOLD MUG BONE CHINA TREE OF LIFE,72
Lithuania,3,22271,FELTCRAFT DOLL ROSIE,60
Lithuania,4,85114B,IVORY ENCHANTED FOREST PLACEMAT,60
Lithuania,5,21914,BLUE HARMONICA IN BOX,60
Lithuania,6,21915,RED  HARMONICA IN BOX,48
Lithuania,7,21429,RED GINGHAM ROSE JEWELLERY BOX,48
Lithuania,8,85226A,WHITE/BLUE PULL BACK RACING CAR,48
Lithuania,9,22750,FELTCRAFT PRINCESS LOLA DOLL,48
Lithuania,10,85227,SET/6 3D KIT CARDS FOR KIDS,48
Malta,1,72741,GRAND CHOCOLATECANDLE,153
Malta,2,85178,VICTORIAN SEWING KIT,144
Malta,3,21790,VINTAGE SNAP CARDS,72
Malta,4,22065,CHRISTMAS PUDDING TRINKET POT,60
Malta,5,22307,GOLD MUG BONE CHINA TREE OF LIFE,30
Malta,6,22048,BIRTHDAY BANQUET GIFT WRAP,25
Malta,7,22046,TEA PARTY  WRAPPING PAPER,25
Malta,8,22959,"WRAPPING PAPER, XMAS VILLAGE",25
Malta,9,23228,FILIGREE HEART BIRD WHITE,24
Malta,10,22030,SWALLOWS GREETING CARD,24
Netherlands,1,35961,FOLKART ZINC HEART CHRISTMAS DEC,6697
Netherlands,2,22630,DOLLY GIRL LUNCH BOX,6522
Netherlands,3,22629,SPACEBOY LUNCH BOX,6460
Netherlands,4,21731,RED TOADSTOOL LED NIGHT LIGHT,6154
Netherlands,5,21212,PACK OF 72 RETROSPOT CAKE CASES,6096
Netherlands,6,22326,ROUND SNACK BOXES SET OF4 WOODLAND,5210
Netherlands,7,23084,RABBIT NIGHT LIGHT,4801
Netherlands,8,22243,"HOOK, 5 HANGER ,MAGIC TOADSTOOL RED",4669
Netherlands,9,85099B,RED RETROSPOT JUMBO BAG,4460
Netherlands,10,85123A,WHITE HANGING HEART T-LIGHT HOLDER,4270
Nigeria,1,16156S,WRAP PINK FAIRY CAKES,25
Nigeria,2,22047,EMPIRE GIFT WRAP,25
Nigeria,3,84991,60 TEATIME FAIRY CAKE CASES,24
Nigeria,4,22584,PACK OF 6 PANNETONE GIFT BOXES,2
Nigeria,5,22582,PACK OF 6 SWEETIE GIFT BOXES,2
Nigeria,6,22491,PACK OF 12 COLOURED PENCILS,1
Nigeria,7,22620,4 TRADITIONAL SPINNING TOPS,1
Nigeria,8,21156,RETROSPOT CHILDRENS APRON,1
Nigeria,9,21034,REX CASH+CARRY JUMBO SHOPPER,1
Nigeria,10,22550,HOLIDAY FUN LUDO,1
Norway,1,16008,SMALL FOLDING SCISSOR(POINTED EDGE),576
Norway,2,22693,GROW A FLYTRAP OR SUNFLOWER IN TIN,504
Norway,3,22197,SMALL POPCORN HOLDER,492
Norway,4,72232,FENG SHUI PILLAR CANDLE,384
Norway,5,84050,PINK HEART SHAPE EGG FRYING PAN,302
Norway,6,21212,PACK OF 72 RETROSPOT CAKE CASES,264
Norway,7,21977,PACK OF 60 PINK PAISLEY CAKE CASES,264
Norway,8,21213,PACK OF 72 SKULL CAKE CASES,240
Norway,9,84991,60 TEATIME FAIRY CAKE CASES,216
Norway,10,23167,SMALL CERAMIC TOP STORAGE JAR,204
Poland,1,21232,STRAWBERRY CERAMIC TRINKET POT,264
Poland,2,37448,CERAMIC CAKE DESIGN SPOTTED MUG,180
Poland,3,22059,CERAMIC STRWBERRY DESIGN MUG,144
Poland,4,16016,LARGE CHINESE STYLE SCISSOR,120
Poland,5,22961,JAM MAKING SET PRINTED,108
Poland,6,16014,SMALL CHINESE STYLE SCISSOR,100
Poland,7,22057,CERAMIC PLATE STRAWBERRY DESIGN,84
Poland,8,37447,CERAMIC CAKE DESIGN SPOTTED PLATE,84
Poland,9,22195,LARGE HEART MEASURING SPOONS,84
Poland,10,85028S,FRENCH CHATEAU SMALL FRUITBOWL,72
Portugal,1,20725,LUNCH BAG RED SPOTTY,475
Portugal,2,22411,JUMBO SHOPPER VINTAGE RED PAISLEY,330
Portugal,3,20728,LUNCH BAG CARS BLUE,311
Portugal,4,20724,RED SPOTTY CHARLOTTE BAG,304
Portugal,5,22383,LUNCHBAG SUKI  DESIGN,303
Portugal,6,21212,PACK OF 72 RETROSPOT CAKE CASES,290
Portugal,7,21928,JUMBO BAG SCANDINAVIAN PAISLEY,290
Portugal,8,84991,60 TEATIME FAIRY CAKE CASES,290
Portugal,9,21498,RED SPOTS  WRAP,275
Portugal,10,85099B,RED RETROSPOT JUMBO BAG,260
RSA,1,21243,PINK POLKADOT PLATE,112
RSA,2,21239,PINK  SPOTTY CUP,104
RSA,3,20677,PINK SPOTTY BOWL,104
RSA,4,21244,BLUE POLKADOT PLATE,88
RSA,5,21240,BLUE POLKADOT CUP,88
RSA,6,22384,LUNCHBAG PINK RETROSPOT,80
RSA,7,20675,BLUE SPOTTY BOWL,80
RSA,8,21242,RED SPOTTY PLATE,72
RSA,9,21238,RED SPOTTY CUP,72
RSA,10,20676,RED SPOTTY BOWL,64
Saudi Arabia,1,22969,HOMEMADE JAM SCENTED CANDLES,12
Saudi Arabia,2,22915,ASSORTED BOTTLE TOP  MAGNETS,12
Saudi Arabia,3,22556,PLASTERS IN TIN CIRCUS PARADE,12
Saudi Arabia,4,22553,PLASTERS IN TIN SKULLS,12
Saudi Arabia,5,22555,PLASTERS IN TIN STRONGMAN,12
Saudi Arabia,6,22361,GLASS JAR DAISY FRESH COTTON WOOL,6
Saudi Arabia,7,22362,GLASS JAR PEACOCK BATH SALTS,6
Saudi Arabia,8,22363,GLASS JAR MARMALADE,6
Saudi Arabia,9,20781,GOLD EAR MUFF HEADPHONES,2
Singapore,1,22339,CHRISTMAS TREE PAINTED ZINC,384
Singapore,2,22197,SMALL POPCORN HOLDER,312
Singapore,3,22343,PARTY PIZZA DISH RED+WHITE SPOT,240
Singapore,4,21519,GIN & TONIC DIET GREETING CARD,156
Singapore,5,85123A,WHITE HANGING HEART T-LIGHT HOLDER,146
Singapore,6,72741,GRAND CHOCOLATECANDLE,144
Singapore,7,21790,VINTAGE SNAP CARDS,120
Singapore,8,22336,DOVE DECORATION PAINTED ZINC,118
Singapore,9,22348,TEA BAG PLATE RED SPOTTY,96
Singapore,10,22346,PARTY PIZZA DISH GREEN+WHITE SPOT,96
Spain,1,22670,FRENCH WC SIGN BLUE METAL,1788
Spain,2,84997D,PINK 3 PIECE POLKADOT CUTLERY SET,1737
Spain,3,22341,LOVE GARLAND PAINTED ZINC,1728
Spain,4,84997C,CHILDRENS CUTLERY POLKADOT BLUE,1661
Spain,5,84879,ASSORTED COLOUR BIRD ORNAMENT,1009
Spain,6,21380,WOODEN HAPPY BIRTHDAY GARLAND,882
Spain,7,21381,MINI WOODEN HAPPY BIRTHDAY GARLAND,864
Spain,8,20728,LUNCH BAG CARS BLUE,614
Spain,9,84077,WORLD WAR 2 GLIDERS ASSTD DESIGNS,576
Spain,10,84760L,LARGE HANGING GLASS+ZINC LANTERN,560
Sweden,1,16033,MINI HIGHLIGHTER PENS,5760
Sweden,2,84077,WORLD WAR 2 GLIDERS ASSTD DESIGNS,4368
Sweden,3,22492,MINI PAINT SET VINTAGE  BOY+ GIRL,4248
Sweden,4,84991,60 TEATIME FAIRY CAKE CASES,3024
Sweden,5,21212,PACK OF 72 RETROSPOT CAKE CASES,2784
Sweden,6,22417,PACK OF 60 SPACEBOY CAKE CASES,2520
Sweden,7,22530,MAGIC SLATE DOLLY GIRL,1968
Sweden,8,20975,12 PENCILS SMALL TUBE RED SPOTTY,1944
Sweden,9,21977,PACK OF 60 PINK PAISLEY CAKE CASES,1776
Sweden,10,21210,SET OF 72 RETROSPOT PAPER  DOILIES,1572
Switzerland,1,22554,PLASTERS IN TIN WOODLAND ANIMALS,879
Switzerland,2,22326,ROUND SNACK BOXES SET OF4 WOODLAND,732
Switzerland,3,22551,PLASTERS IN TIN SPACEBOY,672
Switzerland,4,21212,PACK OF 72 RETROSPOT CAKE CASES,624
Switzerland,5,84568,GIRLS ALPHABET IRON ON PATCHES,576
Switzerland,6,20719,WOODLAND CHARLOTTE BAG,570
Switzerland,7,20676,RED SPOTTY BOWL,488
Switzerland,8,22632,HAND WARMER RED RETROSPOT,468
Switzerland,9,21680,WOODLAND  STICKERS,408
Switzerland,10,22556,PLASTERS IN TIN CIRCUS PARADE,396
Thailand,1,85017A,ENVELOPE 50 ROMANTIC IMAGES,288
Thailand,2,85017B,ENVELOPE 50 BLOSSOM IMAGES,288
Thailand,3,85017C,ENVELOPE 50 CURIOUS IMAGES,288
Thailand,4,21700,BIG DOUGHNUT FRIDGE MAGNETS,240
Thailand,5,85216,ASSORTED CAKES FRIDGE MAGNETS,240
Thailand,6,21431,GREEN GINGHAM FLOWER JEWELLERY BOX,192
Thailand,7,21429,RED GINGHAM ROSE JEWELLERY BOX,192
Thailand,8,22495,SET OF 2 ROUND TINS CAMEMBERT,108
Thailand,9,22497,SET OF 2 TINS VINTAGE BATHROOM,96
Thailand,10,22494,EMERGENCY FIRST AID TIN,96
USA,1,21355,TOAST ITS - I LOVE YOU,408
USA,2,21122,SET/10 PINK SPOTTY PARTY CANDLES,152
USA,3,21124,SET/10 BLUE SPOTTY PARTY CANDLES,150
USA,4,21212,PACK OF 72 RETROSPOT CAKE CASES,144
USA,5,21123,SET/10 IVORY SPOTTY PARTY CANDLES,120
USA,6,21121,SET/10 RED SPOTTY PARTY CANDLES,120
USA,7,21210,SET OF 72 RETROSPOT PAPER  DOILIES,97
USA,8,21213,PACK OF 72 SKULL CAKE CASES,96
USA,9,21976,PACK OF 60 MUSHROOM CAKE CASES,96
USA,10,23366,SET 12 COLOURING PENCILS DOILY,88
United Arab Emirates,1,84568,GIRLS ALPHABET IRON ON PATCHES,288
United Arab Emirates,2,84598,BOYS ALPHABET IRON ON PATCHES,288
United Arab Emirates,3,21700,BIG DOUGHNUT FRIDGE MAGNETS,192
United Arab Emirates,4,21985,PACK OF 12 HEARTS DESIGN TISSUES,192
United Arab Emirates,5,85215,ASSORTED CHEESE FRIDGE MAGNETS,168
United Arab Emirates,6,21098,CHRISTMAS TOILET ROLL,144
United Arab Emirates,7,85072,OCCASIONS GIFT CARD ASSORTMENT,120
United Arab Emirates,8,22733,3D TRADITIONAL CHRISTMAS STICKERS,100
United Arab Emirates,9,22065,CHRISTMAS PUDDING TRINKET POT,96
United Arab Emirates,10,22294,HEART FILIGREE DOVE  SMALL,72
United Kingdom,1,84077,WORLD WAR 2 GLIDERS ASSTD DESIGNS,97354
United Kingdom,2,85099B,RED RETROSPOT JUMBO BAG,88013
United Kingdom,3,85123A,WHITE HANGING HEART T-LIGHT HOLDER,87045
United Kingdom,4,22197,SMALL POPCORN HOLDER,82472
United Kingdom,5,23843,"PAPER CRAFT , LITTLE BIRDIE",80995
United Kingdom,6,23166,MEDIUM CERAMIC TOP STORAGE JAR,77036
United Kingdom,7,84879,ASSORTED COLOUR BIRD ORNAMENT,74286
United Kingdom,8,21212,PACK OF 72 RETROSPOT CAKE CASES,70953
United Kingdom,9,17003,BROCADE RING PURSE,69965
United Kingdom,10,21977,PACK OF 60 PINK PAISLEY CAKE CASES,45930
Unspecified,1,84991,60 TEATIME FAIRY CAKE CASES,146
Unspecified,2,16033,MINI HIGHLIGHTER PENS,120
Unspecified,3,84077,WORLD WAR 2 GLIDERS ASSTD DESIGNS,96
Unspecified,4,21108,FAIRY CAKE FLANNEL ASSORTED COLOUR,82
Unspecified,5,21977,PACK OF 60 PINK PAISLEY CAKE CASES,74
Unspecified,6,84992,72 SWEETHEART FAIRY CAKE CASES,72
Unspecified,7,21212,PACK OF 72 RETROSPOT CAKE CASES,61
Unspecified,8,40001,WHITE BAMBOO RIBS LAMPSHADE,60
Unspecified,9,84050,PINK HEART SHAPE EGG FRYING PAN,55
Unspecified,10,22707,WRAP MONSTER FUN,50
West Indies,1,17003,BROCADE RING PURSE,36
West Indies,2,17084J,LOVE POTION MASALA INCENSE,25
West Indies,3,17096,ASSORTED LAQUERED INCENSE HOLDERS,24
West Indies,4,22444,GROW YOUR OWN PLANT IN A CAN,24
West Indies,5,20886,BOX OF 9 PEBBLE CANDLES,24
West Indies,6,72708,SCULPTED ROUND IVORY CANDLE,21
West Indies,7,16225,RATTLE SNAKE EGGS,14
West Indies,8,84206A,3 BLACK CATS W HEARTS BLANK CARD,13
West Indies,9,22025,RING OF ROSES BIRTHDAY CARD,12
West Indies,10,21645,ASSORTED TUTTI FRUTTI ROUND BOX,12
